232,John, Mathews,02-24/24/-02-24,***-**-9165,ND
533,Nathan, Moore,11-19/19/-11-19,***-**-7469,ME
256,Amanda, Douglas,01-08/08/-01-08,***-**-6961,ID
189,Heather, Andrews,08-11/11/-08-11,***-**-1797,VT
284,Daniel, Hernandez,07-22/22/-07-22,***-**-7473,CO
512,Danny, Pena,01-31/31/-01-31,***-**-9878,MN
126,Gary, Knight,03-08/08/-03-08,***-**-1242,AR
556,Robin, Carroll,10-14/14/-10-14,***-**-7194,CA
595,Michelle, Dickerson,02-08/08/-02-08,***-**-2817,TN
191,Kimberly, Gallegos,08-05/05/-08-05,***-**-7563,OR
55,Morgan, Parker,01-30/30/-01-30,***-**-4320,TN
623,Mason, Rhodes,01-28/28/-01-28,***-**-4767,MD
426,Amy, Griffin,02-18/18/-02-18,***-**-1946,MA
535,Danielle, House,04-16/16/-04-16,***-**-9308,ME
399,Charles, Greene,11-28/28/-11-28,***-**-2935,KY
33,Nicholas, Martinez,04-05/05/-04-05,***-**-1689,LA
302,Tracey, Meadows,01-12/12/-01-12,***-**-6175,RI
325,Renee, Evans,03-14/14/-03-14,***-**-2708,MT
188,Joseph, Estrada,03-29/29/-03-29,***-**-2571,PA
184,Jeremy, Warner,10-20/20/-10-20,***-**-1184,AL
526,Anthony, Rodriguez,02-09/09/-02-09,***-**-3865,ID
85,Kristen, Lopez,01-02/02/-01-02,***-**-8194,VA
171,Mark, Mcdonald,06-27/27/-06-27,***-**-0101,MT
74,Robert, Freeman,01-01/01/-01-01,***-**-5211,AR
69,Michael, Reynolds,10-30/30/-10-30,***-**-8507,CA
365,Kristine, Little,07-10/10/-07-10,***-**-1771,SD
149,April, Barnes,02-15/15/-02-15,***-**-3288,RI
218,Pamela, Hodges,02-19/19/-02-19,***-**-1423,UT
647,Ronald, Gilbert,05-26/26/-05-26,***-**-4448,WY
518,Thomas, Cooper,08-17/17/-08-17,***-**-9890,CO
12,Dakota, Harrington,08-24/24/-08-24,***-**-7188,VA
622,Jennifer, Porter,01-20/20/-01-20,***-**-5572,WI
159,Beverly, Jordan,08-15/15/-08-15,***-**-3762,NM
394,Mark, Brown,04-02/02/-04-02,***-**-8531,CA
158,Amy, Ford,06-05/05/-06-05,***-**-6461,NC
446,Benjamin, King,05-07/07/-05-07,***-**-8165,RI
352,Stephen, Bryant,05-15/15/-05-15,***-**-6488,SD
598,Brandi, Williams,10-15/15/-10-15,***-**-8500,MD
505,Ashley, Hutchinson,04-26/26/-04-26,***-**-1510,SC
173,Alisha, Pacheco,01-13/13/-01-13,***-**-2496,MI
84,Robert, Campbell,02-27/27/-02-27,***-**-9581,SD
406,Sandra, Sanders,10-06/06/-10-06,***-**-1673,RI
164,Katherine, Hensley,05-29/29/-05-29,***-**-7226,CT
267,Stacy, Cox,11-08/08/-11-08,***-**-0990,AL
503,Frank, Barton,06-10/10/-06-10,***-**-5568,MA
295,Shannon, Kramer,05-04/04/-05-04,***-**-7615,SC
590,Brenda, James,12-31/31/-12-31,***-**-3251,HI
97,Paula, Edwards,08-10/10/-08-10,***-**-0638,KS
3,Jennifer, Rowe,09-16/16/-09-16,***-**-9014,NY
20,David, Foster,01-09/09/-01-09,***-**-6956,MO
179,William, Boyle,01-30/30/-01-30,***-**-0490,AR
86,Christopher, Greene,05-29/29/-05-29,***-**-8446,ID
219,Matthew, Fuller,04-27/27/-04-27,***-**-2989,MS
237,Gabriela, Nguyen,12-17/17/-12-17,***-**-3729,WA
96,Allison, Diaz,03-25/25/-03-25,***-**-8927,AR
22,Isaac, Jordan,05-06/06/-05-06,***-**-0520,TX
439,Cheryl, Bailey,10-31/31/-10-31,***-**-1224,NC
146,Julie, Castillo,02-16/16/-02-16,***-**-4523,AK
271,Michael, Adams,12-10/10/-12-10,***-**-3927,FL
103,Melinda, Parsons,02-07/07/-02-07,***-**-8751,NE
540,Robert, Campbell,01-17/17/-01-17,***-**-3694,DE
144,Julie, Nelson,08-08/08/-08-08,***-**-1332,SD
594,Steven, Nelson,04-14/14/-04-14,***-**-2085,VT
176,Hailey, Lynn,03-25/25/-03-25,***-**-9488,CA
198,Dillon, Nguyen,05-26/26/-05-26,***-**-4552,IL
433,Hannah, Miller,10-18/18/-10-18,***-**-4657,NY
274,Jeffrey, Harris,05-25/25/-05-25,***-**-4763,KY
6,Daniel, Welch,08-08/08/-08-08,***-**-6950,IL
452,Bryan, Jackson,09-08/08/-09-08,***-**-8117,MD
23,Denise, George,09-07/07/-09-07,***-**-4879,WI
373,Alicia, Carney,09-10/10/-09-10,***-**-9437,OH
374,William, Peters,03-20/20/-03-20,***-**-7516,KY
200,Dustin, Drake,09-17/17/-09-17,***-**-5454,WV
428,Jessica, Thornton,01-03/03/-01-03,***-**-2381,KS
116,Rebecca, Wilson,06-08/08/-06-08,***-**-6629,MI
418,Katherine, Lane,11-01/01/-11-01,***-**-6820,NH
9,Sarah, Harper,07-27/27/-07-27,***-**-5891,AK
230,Jermaine, Hill,09-11/11/-09-11,***-**-5479,NJ
502,Michael, Marshall,04-05/05/-04-05,***-**-5125,MI
632,Kirsten, Mcbride,09-10/10/-09-10,***-**-2372,IA
112,Rachael, Holmes,07-30/30/-07-30,***-**-2067,GA
422,Leon, Foster,09-19/19/-09-19,***-**-3153,SC
131,David, Mcclain,08-02/02/-08-02,***-**-5430,OH
404,Emily, Lawrence,11-24/24/-11-24,***-**-1991,TN
504,Troy, Booth,12-27/27/-12-27,***-**-5141,TN
194,Stephanie, Ho,04-25/25/-04-25,***-**-3656,KS
567,Michele, Hendricks,03-10/10/-03-10,***-**-7341,MS
253,Eric, Harper,11-12/12/-11-12,***-**-2860,NV
407,Jonathan, Gomez,06-05/05/-06-05,***-**-4727,SD
82,Kevin, Garcia,11-25/25/-11-25,***-**-4722,NV
429,Howard, Lawson,04-13/13/-04-13,***-**-7664,MI
78,Stacy, Robertson,09-24/24/-09-24,***-**-0248,WY
167,John, Beck,07-27/27/-07-27,***-**-3635,AR
484,Julia, Morgan,03-18/18/-03-18,***-**-1731,WI
60,Allen, Leon,04-06/06/-04-06,***-**-9089,MI
400,James, Rios,03-04/04/-03-04,***-**-3987,ID
34,Ralph, Wells,10-19/19/-10-19,***-**-4237,KS
596,Megan, Chavez,10-08/08/-10-08,***-**-7659,CT
279,Ashley, Patrick,06-07/07/-06-07,***-**-0763,WY
466,Bonnie, Bowen,11-07/07/-11-07,***-**-5889,ID
327,Andrew, Lawson,04-05/05/-04-05,***-**-7313,MT
382,Tonya, Chavez,04-17/17/-04-17,***-**-5703,MT
369,Michelle, Larson,03-20/20/-03-20,***-**-3866,FL
347,Mark, Garrett,09-18/18/-09-18,***-**-4408,WY
25,Chelsea, Rivera,06-21/21/-06-21,***-**-0140,NH
317,Amanda, Krause,11-06/06/-11-06,***-**-4744,IL
321,Paige, Spencer,09-02/02/-09-02,***-**-8621,NY
193,Rhonda, Gonzales,06-07/07/-06-07,***-**-4110,ID
606,Jasmine, Kelly,06-30/30/-06-30,***-**-3251,MN
123,Amy, Sherman,08-04/04/-08-04,***-**-6029,NJ
566,David, Arroyo,04-16/16/-04-16,***-**-9403,FL
409,Robert, Lin,11-12/12/-11-12,***-**-0121,AZ
265,Paul, Wilson,06-19/19/-06-19,***-**-9871,IA
490,Paul, Meyers,03-13/13/-03-13,***-**-1680,HI
311,Jessica, Elliott,06-04/04/-06-04,***-**-1632,OH
537,Anthony, Richmond,10-05/05/-10-05,***-**-8935,AR
147,William, Rivera,03-08/08/-03-08,***-**-7032,SD
304,Sheri, Villegas,02-13/13/-02-13,***-**-8629,OR
472,Kelly, Hopkins,10-08/08/-10-08,***-**-6875,HI
348,Darren, Farrell,05-24/24/-05-24,***-**-5885,CA
91,Darlene, Harmon,05-05/05/-05-05,***-**-3052,WV
410,Rachel, Lyons,08-29/29/-08-29,***-**-0900,ME
344,David, Jacobs,02-28/28/-02-28,***-**-3682,FL
419,Christina, Weeks,10-15/15/-10-15,***-**-2028,PA
1,Andrea, Anderson,11-12/12/-11-12,***-**-5650,CT
532,Jennifer, Smith,01-31/31/-01-31,***-**-1748,GA
107,Shirley, Andrews,12-07/07/-12-07,***-**-5306,OH
166,Adrian, Rivera,02-13/13/-02-13,***-**-5638,MA
391,George, Mckinney,02-04/04/-02-04,***-**-7748,UT
67,Hailey, Boyd,11-17/17/-11-17,***-**-0270,NY
447,Tiffany, Harris,01-12/12/-01-12,***-**-9733,WV
653,Mary, Hunter,11-01/01/-11-01,***-**-6623,TX
294,Robert, Edwards,04-07/07/-04-07,***-**-5215,GA
416,Barbara, Lambert,09-07/07/-09-07,***-**-5353,ID
185,Angela, Armstrong,03-22/22/-03-22,***-**-2446,NY
637,Brett, Ward,09-27/27/-09-27,***-**-0204,MN
333,Troy, Sanchez,11-15/15/-11-15,***-**-2052,OK
579,Garrett, Carter,09-26/26/-09-26,***-**-7246,CA
215,James, Reeves,01-31/31/-01-31,***-**-1620,IN
152,Mary, Baker,07-08/08/-07-08,***-**-0954,MI
301,Alexandra, Bradley,06-13/13/-06-13,***-**-9390,AL
572,Aaron, James,03-25/25/-03-25,***-**-4596,OR
165,Thomas, Wood,08-21/21/-08-21,***-**-8269,TN
639,Charlene, Jackson,10-28/28/-10-28,***-**-8809,WY
405,Mary, Robbins,12-01/01/-12-01,***-**-9514,FL
390,Kayla, Washington,10-08/08/-10-08,***-**-6218,CT
641,Kimberly, Knapp,11-23/23/-11-23,***-**-1122,CO
51,Nicholas, Brown,09-18/18/-09-18,***-**-2869,SC
421,Rebecca, Marshall,05-06/06/-05-06,***-**-1020,PA
106,Mark, Smith,07-07/07/-07-07,***-**-5381,ND
379,Adam, Harrell,10-18/18/-10-18,***-**-0742,WV
76,Steve, Daniels,09-14/14/-09-14,***-**-3537,CO
68,Victoria, Potter,03-25/25/-03-25,***-**-4290,UT
118,Kathy, Preston,03-06/06/-03-06,***-**-9960,LA
127,Michael, Donaldson,01-01/01/-01-01,***-**-7624,CA
542,Brian, Bridges,02-22/22/-02-22,***-**-4546,MN
181,Martha, Gonzalez,01-17/17/-01-17,***-**-8342,KS
111,Paul, Rogers,01-10/10/-01-10,***-**-6284,MT
481,Dawn, Galvan,09-03/03/-09-03,***-**-8058,TN
568,Amber, West,01-19/19/-01-19,***-**-7363,ND
395,Christopher, Guerrero,01-29/29/-01-29,***-**-4036,WY
345,Stacy, Brooks,06-17/17/-06-17,***-**-4661,SC
438,Danielle, Kaiser,08-21/21/-08-21,***-**-9764,AL
403,Taylor, Boyle,09-26/26/-09-26,***-**-9756,MD
180,Donna, Howard,12-16/16/-12-16,***-**-3416,CA
616,Anne, Rios,11-26/26/-11-26,***-**-6513,HI
56,Theresa, Barnes,09-28/28/-09-28,***-**-2054,CT
153,Lori, Tate,03-08/08/-03-08,***-**-9123,NM
551,Alexandria, Baker,11-02/02/-11-02,***-**-3200,NV
135,Stephen, Hensley,09-30/30/-09-30,***-**-5372,GA
500,Jennifer, Fischer,11-19/19/-11-19,***-**-5609,UT
24,Pamela, Robinson,02-21/21/-02-21,***-**-4275,NM
81,Brendan, Gonzalez,08-02/02/-08-02,***-**-9993,SC
50,Richard, Turner,12-24/24/-12-24,***-**-9924,TN
328,Michael, Robinson,10-22/22/-10-22,***-**-2355,IL
402,Patricia, Sharp,07-13/13/-07-13,***-**-0306,MD
255,Elizabeth, Avila,03-15/15/-03-15,***-**-8453,NH
413,Christopher, Martinez,12-28/28/-12-28,***-**-8774,CT
507,Isaac, Woods,03-20/20/-03-20,***-**-6227,AK
62,Adriana, Wolf,10-17/17/-10-17,***-**-1702,OR
150,David, Pearson,06-14/14/-06-14,***-**-1781,AL
109,Matthew, Kramer,05-14/14/-05-14,***-**-4860,RI
310,Pamela, Archer,10-25/25/-10-25,***-**-2625,WV
243,Charles, Stout,12-05/05/-12-05,***-**-1997,KS
72,Daniel, Boyd,07-18/18/-07-18,***-**-1220,NY
608,Jimmy, Jones,02-19/19/-02-19,***-**-2030,MA
19,Rebecca, Hammond,02-21/21/-02-21,***-**-2706,LA
30,Emily, Diaz,12-04/04/-12-04,***-**-9174,AK
119,Chad, Wise,11-10/10/-11-10,***-**-1355,CO
162,Todd, Duran,01-14/14/-01-14,***-**-1832,KY
199,Brian, Mclaughlin,09-21/21/-09-21,***-**-2876,PA
187,Katherine, Rogers,05-13/13/-05-13,***-**-9500,ME
102,Joseph, Adams,01-18/18/-01-18,***-**-7778,WI
385,David, Lowery,10-21/21/-10-21,***-**-7963,UT
626,Janice, Young,07-07/07/-07-07,***-**-4863,WA
528,Anna, Matthews,02-09/09/-02-09,***-**-4474,TN
31,Katie, Garcia,03-22/22/-03-22,***-**-8462,AK
43,Maria, Estrada,04-30/30/-04-30,***-**-8108,LA
169,Ashley, Smith,07-16/16/-07-16,***-**-8720,TX
204,Amy, Wright,10-15/15/-10-15,***-**-8641,CA
494,Heather, Scott,08-20/20/-08-20,***-**-0361,NH
233,John, Anderson,05-30/30/-05-30,***-**-6681,NY
638,John, Anderson,01-07/07/-01-07,***-**-7935,UT
57,Kimberly, Harris,10-01/01/-10-01,***-**-5459,IA
648,Christopher, Smith,11-23/23/-11-23,***-**-2521,WI
192,Daniel, Singh,12-25/25/-12-25,***-**-7521,VA
73,Miranda, Nguyen,08-12/12/-08-12,***-**-2585,ME
477,Gregory, Simpson,07-09/09/-07-09,***-**-9365,CO
411,Daniel, Brown,04-19/19/-04-19,***-**-6526,NM
630,Susan, Thompson,05-17/17/-05-17,***-**-6074,TN
600,Rick, Johns,07-30/30/-07-30,***-**-7121,NV
634,Sean, Calhoun,07-31/31/-07-31,***-**-2261,SD
296,Alan, Holden,11-06/06/-11-06,***-**-6916,PA
154,Robin, Silva,07-14/14/-07-14,***-**-0453,AK
527,Nicole, Conrad,06-02/02/-06-02,***-**-6985,SD
635,Deanna, Russell,07-29/29/-07-29,***-**-9236,MD
229,Joshua, Bailey,07-20/20/-07-20,***-**-4031,WV
389,Daniel, Patrick,10-15/15/-10-15,***-**-8777,GA
220,William, Smith,06-04/04/-06-04,***-**-0654,AR
454,Kristin, Grant,08-23/23/-08-23,***-**-9693,WV
488,Kimberly, Velasquez,01-10/10/-01-10,***-**-4229,GA
41,Michael, Dalton,03-08/08/-03-08,***-**-2101,WI
522,Jason, Shaw,11-01/01/-11-01,***-**-4765,KY
269,Jonathon, Olson,07-08/08/-07-08,***-**-7767,SC
35,Andrea, Perry,02-01/01/-02-01,***-**-8897,CO
10,Anthony, Nguyen,10-09/09/-10-09,***-**-8472,WI
397,Anthony, Christensen,05-13/13/-05-13,***-**-8703,OH
45,Paul, Murphy,07-18/18/-07-18,***-**-9454,NJ
210,Susan, Stewart,04-23/23/-04-23,***-**-2712,GA
197,Scott, Warren,06-24/24/-06-24,***-**-3723,OH
354,Jennifer, Avery,08-08/08/-08-08,***-**-5062,LA
552,Alexander, Vaughan,08-22/22/-08-22,***-**-8562,MI
414,Laura, Parker,12-05/05/-12-05,***-**-6879,CO
134,Derek, Harrington,09-15/15/-09-15,***-**-2836,AR
11,Daniel, Wells,08-27/27/-08-27,***-**-7268,CA
222,Kelly, Phillips,11-05/05/-11-05,***-**-1324,MI
442,Lauren, Bennett,06-05/05/-06-05,***-**-4874,IA
633,Aaron, Wolf,04-09/09/-04-09,***-**-1149,WY
361,Julia, Wright,09-04/04/-09-04,***-**-6702,CO
205,Cheryl, Dennis,06-16/16/-06-16,***-**-0712,TX
18,Donna, Lopez,02-22/22/-02-22,***-**-5711,DE
459,Matthew, Gibbs,06-12/12/-06-12,***-**-9698,ID
564,Nancy, Mitchell,02-02/02/-02-02,***-**-9365,GA
138,Ashley, Bullock,07-23/23/-07-23,***-**-5394,MS
356,Andrew, Moore,01-03/03/-01-03,***-**-5178,ID
479,Joseph, Martinez,10-05/05/-10-05,***-**-9409,NH
100,Yvette, Rodriguez,09-11/11/-09-11,***-**-8123,OR
451,Carrie, Barber,11-09/09/-11-09,***-**-3083,LA
432,Ashley, Sherman,10-01/01/-10-01,***-**-1501,NE
71,Craig, Garcia,08-18/18/-08-18,***-**-3695,PA
463,Jerome, Brown,07-10/10/-07-10,***-**-9456,MD
308,Kevin, Beck,03-29/29/-03-29,***-**-7304,TN
591,Travis, Hansen,07-28/28/-07-28,***-**-6746,DE
214,Rodney, Cook,12-15/15/-12-15,***-**-6232,RI
290,Theresa, Brown,02-20/20/-02-20,***-**-3478,MN
8,Wayne, Mercer,09-21/21/-09-21,***-**-7254,MA
182,Mary, Lee,04-12/12/-04-12,***-**-7361,OH
534,Matthew, Martin,07-12/12/-07-12,***-**-7803,ID
511,Lee, Weber,12-03/03/-12-03,***-**-9830,CA
32,James, Wilson,07-23/23/-07-23,***-**-7343,OR
289,Angela, Clark,04-20/20/-04-20,***-**-3392,MN
643,Allen, Flynn,07-25/25/-07-25,***-**-7573,NH
234,Darrell, Coleman,08-24/24/-08-24,***-**-4198,WI
618,Patrick, Wells,08-03/03/-08-03,***-**-3209,MS
246,Tyler, Beck,10-20/20/-10-20,***-**-1385,HI
546,Michelle, Jenkins,11-29/29/-11-29,***-**-8254,NE
455,Scott, Miller,09-27/27/-09-27,***-**-3580,WY
341,Maria, Mcmillan,09-07/07/-09-07,***-**-3730,TX
252,Amy, Waller,10-01/01/-10-01,***-**-8763,MA
351,Jacob, Thomas,03-31/31/-03-31,***-**-8896,MS
493,Amanda, Jones,07-31/31/-07-31,***-**-0691,MN
599,Edward, Padilla,10-09/09/-10-09,***-**-5222,PA
315,Debra, Best,02-20/20/-02-20,***-**-3320,ND
577,Gregory, Roberts,01-27/27/-01-27,***-**-4496,IN
415,Suzanne, Wheeler,05-19/19/-05-19,***-**-2982,WI
303,Ann, Lewis,01-14/14/-01-14,***-**-0619,MT
478,Michelle, Peterson,06-25/25/-06-25,***-**-2154,MA
313,Adam, Thomas,12-30/30/-12-30,***-**-1297,VA
4,Donna, Owens,09-26/26/-09-26,***-**-6696,AL
249,Pamela, Lyons,09-27/27/-09-27,***-**-3318,AR
649,Victor, Lopez,10-26/26/-10-26,***-**-3964,NV
565,Matthew, Miller,04-07/07/-04-07,***-**-3517,CO
513,Kevin, Foster,10-18/18/-10-18,***-**-5090,WI
516,Alyssa, Stokes,04-01/01/-04-01,***-**-2432,OH
545,Mark, Saunders,08-23/23/-08-23,***-**-2640,VT
38,Michael, Chapman,03-13/13/-03-13,***-**-6874,OR
309,Cole, Farrell,01-29/29/-01-29,***-**-7973,IN
578,Michael, Estrada,10-12/12/-10-12,***-**-2448,OH
178,Shaun, Martinez,12-11/11/-12-11,***-**-5793,NC
359,Victoria, Moon,01-06/06/-01-06,***-**-8604,AZ
278,Brian, Peters,05-07/07/-05-07,***-**-3701,HI
292,Jose, Gonzalez,06-01/01/-06-01,***-**-9797,MD
87,John, Paul,11-20/20/-11-20,***-**-7180,KY
286,Stephanie, Smith,04-26/26/-04-26,***-**-1286,NH
221,Lisa, Wilson,11-09/09/-11-09,***-**-6950,AZ
524,Cody, Duran,01-15/15/-01-15,***-**-6706,NM
453,Ann, Johnson,06-01/01/-06-01,***-**-9046,NE
468,Paula, Hernandez,10-12/12/-10-12,***-**-2951,CA
444,Patrick, Barber,07-21/21/-07-21,***-**-9891,NY
350,Dennis, Alvarado,11-27/27/-11-27,***-**-4378,MT
462,David, Peterson,06-27/27/-06-27,***-**-7312,LA
66,Tina, Williams,11-04/04/-11-04,***-**-7775,OR
495,Bridget, Koch,02-23/23/-02-23,***-**-9714,WY
586,Adrian, Hernandez,09-08/08/-09-08,***-**-5101,NE
457,Andrea, Potter,12-26/26/-12-26,***-**-6384,NH
392,David, Williams,07-07/07/-07-07,***-**-6350,MA
202,Katherine, Wright,05-10/10/-05-10,***-**-3109,AR
467,Kevin, Taylor,04-19/19/-04-19,***-**-2293,NH
627,Latoya, Mitchell,03-15/15/-03-15,***-**-3607,ME
367,Tricia, Smith,01-24/24/-01-24,***-**-7866,CA
244,David, Miles,11-26/26/-11-26,***-**-2657,MI
620,Gina, Hoffman,03-20/20/-03-20,***-**-4213,UT
642,Tamara, Whitney,09-21/21/-09-21,***-**-9208,MO
427,John, Garcia,04-14/14/-04-14,***-**-3993,TX
539,Craig, Nunez,06-13/13/-06-13,***-**-6566,DE
98,Desiree, Ross,07-07/07/-07-07,***-**-2608,MS
324,Samantha, Ramirez,08-11/11/-08-11,***-**-7086,MD
589,David, Patton,11-19/19/-11-19,***-**-9705,PA
339,Caroline, Lopez,08-09/09/-08-09,***-**-1325,OK
645,Karen, Malone,09-03/03/-09-03,***-**-5442,CO
355,Daniel, Wright,12-31/31/-12-31,***-**-3803,FL
541,Brent, Miller,01-14/14/-01-14,***-**-9692,HI
360,Mitchell, Meyer,08-31/31/-08-31,***-**-7666,RI
39,Annette, Flores,04-19/19/-04-19,***-**-3196,NE
305,Wendy, Hendrix,08-19/19/-08-19,***-**-6634,WY
474,Alexis, Cross,08-11/11/-08-11,***-**-3694,MN
571,Jeffrey, Jones,06-27/27/-06-27,***-**-1822,SD
372,Jessica, Walsh,06-01/01/-06-01,***-**-2907,RI
559,Sherry, Henderson,02-15/15/-02-15,***-**-3768,FL
521,Jennifer, Johnson,02-17/17/-02-17,***-**-3102,OK
583,Scott, Ellison,03-31/31/-03-31,***-**-8653,NH
329,Denise, Baldwin,04-06/06/-04-06,***-**-7350,AL
201,Rebecca, James,12-04/04/-12-04,***-**-1514,MA
276,Sean, Gonzales,08-11/11/-08-11,***-**-8838,MO
592,Mary, Chavez,04-27/27/-04-27,***-**-2834,PA
124,Ralph, Martinez,02-26/26/-02-26,***-**-4024,WA
133,Thomas, Stone,03-29/29/-03-29,***-**-8227,DE
314,Christopher, Anderson,07-01/01/-07-01,***-**-1835,NC
562,Allison, Garcia,02-08/08/-02-08,***-**-0105,LA
125,Charles, Hall,09-15/15/-09-15,***-**-7617,PA
625,Lawrence, Roach,04-03/03/-04-03,***-**-2080,KY
312,Christopher, Dougherty,03-29/29/-03-29,***-**-0986,AL
90,William, Small,08-05/05/-08-05,***-**-0642,CO
236,Samuel, May,03-30/30/-03-30,***-**-0970,NJ
601,Brian, Lopez,02-13/13/-02-13,***-**-7558,DE
326,Amanda, Clark,07-23/23/-07-23,***-**-5043,MN
264,Cody, Taylor,11-13/13/-11-13,***-**-3700,SD
248,Sherry, Love,03-24/24/-03-24,***-**-8685,OR
485,Christine, Stone,11-07/07/-11-07,***-**-6503,KS
54,Kristy, Diaz,03-26/26/-03-26,***-**-1032,IA
2,Amy, Long,07-19/19/-07-19,***-**-7292,FL
298,Haley, Myers,03-20/20/-03-20,***-**-0757,MD
99,Michael, Holden,07-23/23/-07-23,***-**-7951,IN
186,Kelly, Ferrell,01-21/21/-01-21,***-**-2299,NH
593,Rachel, Valdez,05-21/21/-05-21,***-**-0852,UT
557,Kristine, Roberson,03-18/18/-03-18,***-**-0956,MN
375,Vincent, Watson,12-15/15/-12-15,***-**-8997,RI
460,Elizabeth, Bailey,07-15/15/-07-15,***-**-7230,MI
496,Mark, Mcmillan,07-08/08/-07-08,***-**-2503,MI
487,Sheri, Long,06-06/06/-06-06,***-**-5166,OH
469,Daniel, Mccall,07-12/12/-07-12,***-**-5314,NE
340,Dawn, Malone,04-19/19/-04-19,***-**-2070,TN
363,Evan, Romero,08-25/25/-08-25,***-**-3334,NM
108,Paul, Adams,04-19/19/-04-19,***-**-5765,WV
357,Tracy, Holt,10-20/20/-10-20,***-**-1413,AK
293,Charles, Wheeler,02-11/11/-02-11,***-**-5781,CA
604,Ashley, Harris,08-09/09/-08-09,***-**-7070,IL
7,Roberto, Schmidt,02-07/07/-02-07,***-**-1763,AL
94,Margaret, Barton,10-10/10/-10-10,***-**-0973,ID
227,Michelle, Diaz,09-25/25/-09-25,***-**-4889,ID
486,Mike, Duncan,12-15/15/-12-15,***-**-8115,MD
613,Alexandra, Thomas,01-12/12/-01-12,***-**-6760,SD
603,Mark, Murillo,09-22/22/-09-22,***-**-9915,MI
332,Carol, Dyer,03-12/12/-03-12,***-**-5545,HI
587,Daniel, Williams,11-17/17/-11-17,***-**-9146,NH
602,Sandra, Suarez,09-20/20/-09-20,***-**-9548,GA
398,Sarah, Hamilton,07-20/20/-07-20,***-**-3104,ND
148,Sydney, Floyd,03-31/31/-03-31,***-**-0722,CT
223,Jonathan, Hall,07-01/01/-07-01,***-**-6672,NE
574,Jennifer, Kim,10-03/03/-10-03,***-**-9504,MN
588,Kenneth, Sanchez,10-30/30/-10-30,***-**-8921,CA
157,Joseph, Carroll,05-09/09/-05-09,***-**-5984,ND
175,Jennifer, Arnold,10-18/18/-10-18,***-**-4368,AL
473,David, Le,08-31/31/-08-31,***-**-5444,MI
29,Jeffrey, Clark,06-28/28/-06-28,***-**-0316,MO
334,Jeffery, Reed,07-19/19/-07-19,***-**-6338,NJ
465,Laura, Kim,07-26/26/-07-26,***-**-3606,PA
92,Derek, Obrien,06-29/29/-06-29,***-**-6123,NH
470,Brooke, Bishop,12-18/18/-12-18,***-**-4107,CA
128,Peter, Miles,10-26/26/-10-26,***-**-3367,WA
77,Alex, Owen,10-07/07/-10-07,***-**-9252,AL
530,Michael, Fowler,08-28/28/-08-28,***-**-3995,TN
270,Katherine, Rose,01-19/19/-01-19,***-**-0446,MN
251,Daniel, Waller,04-23/23/-04-23,***-**-0011,KY
277,Ronald, Johnson,09-19/19/-09-19,***-**-8871,DE
346,Austin, Gutierrez,06-25/25/-06-25,***-**-0203,VT
238,Brandon, Chang,05-14/14/-05-14,***-**-6687,AL
143,Alexander, Murphy,05-05/05/-05-05,***-**-0664,UT
461,Stephanie, Mendoza,03-22/22/-03-22,***-**-8308,VT
5,Gregory, Moore,02-10/10/-02-10,***-**-6226,MA
117,Jonathan, Mendoza,12-30/30/-12-30,***-**-0262,MD
396,Michelle, Phillips,09-17/17/-09-17,***-**-2345,OK
517,Justin, Morgan,03-17/17/-03-17,***-**-5133,MI
228,Michael, Hubbard,09-09/09/-09-09,***-**-8972,CT
576,Travis, Little,05-14/14/-05-14,***-**-6995,WY
482,Susan, Kennedy,12-19/19/-12-19,***-**-4558,ME
611,Emily, Mcgrath,11-10/10/-11-10,***-**-7640,CO
288,Sandra, Griffin,11-13/13/-11-13,***-**-6533,NV
322,Jessica, Sullivan,01-07/07/-01-07,***-**-2665,WY
93,Timothy, Mendoza,06-09/09/-06-09,***-**-2367,NM
631,Amanda, Pearson,08-15/15/-08-15,***-**-9832,TN
95,Jeffery, Burnett,07-28/28/-07-28,***-**-4493,KS
225,Brian, Williams,01-12/12/-01-12,***-**-5701,MT
386,Randy, Dorsey,05-09/09/-05-09,***-**-0360,MO
272,Duane, Williams,10-14/14/-10-14,***-**-8818,NV
614,Colleen, Beasley,08-12/12/-08-12,***-**-3286,MA
262,Brian, Jackson,12-21/21/-12-21,***-**-9597,PA
110,Cynthia, Price,10-15/15/-10-15,***-**-6184,SD
501,Donald, Carter,07-16/16/-07-16,***-**-5922,HI
65,Lisa, Schmitt,04-23/23/-04-23,***-**-5980,TN
458,Dustin, Nichols,06-07/07/-06-07,***-**-9015,NE
224,Jay, Brown,04-24/24/-04-24,***-**-8736,TX
160,Beth, Lynch,02-13/13/-02-13,***-**-0814,AK
259,Mary, Mitchell,01-20/20/-01-20,***-**-3602,TX
547,Joshua, Rush,08-05/05/-08-05,***-**-2710,GA
358,Jillian, David,04-11/11/-04-11,***-**-4462,HI
652,Anthony, Delgado,09-19/19/-09-19,***-**-7837,FL
49,Meghan, Wilson,05-18/18/-05-18,***-**-4722,HI
437,Andrea, Montgomery,12-03/03/-12-03,***-**-6315,OH
536,Megan, Gray,10-12/12/-10-12,***-**-4006,NY
636,Sarah, Brooks,06-27/27/-06-27,***-**-6948,AR
330,Kaylee, Clark,05-29/29/-05-29,***-**-0753,WI
538,Joseph, Martin,04-13/13/-04-13,***-**-5396,AR
168,Donna, Rose,04-20/20/-04-20,***-**-1960,TN
480,Brandi, Sawyer,07-13/13/-07-13,***-**-9334,RI
543,James, Torres,01-19/19/-01-19,***-**-5026,DE
506,Jonathan, Malone,04-14/14/-04-14,***-**-9942,MN
80,Christine, Williams,08-15/15/-08-15,***-**-1974,MN
342,Christopher, Young,12-02/02/-12-02,***-**-1343,NE
364,David, Turner,02-13/13/-02-13,***-**-7108,IL
64,Gregory, Estes,10-04/04/-10-04,***-**-9235,KS
156,Shannon, Vaughn,12-27/27/-12-27,***-**-2444,AR
285,James, Mclaughlin,01-21/21/-01-21,***-**-1088,NC
79,Michael, Brown,01-13/13/-01-13,***-**-9682,OH
170,Jennifer, Crawford,07-21/21/-07-21,***-**-5861,FL
561,Michelle, Carr,06-22/22/-06-22,***-**-2759,CT
617,Andrew, Love,05-27/27/-05-27,***-**-9696,OH
515,Anna, Bennett,06-20/20/-06-20,***-**-6909,TN
644,William, Watts,10-12/12/-10-12,***-**-6883,MN
450,Cynthia, Williams,12-23/23/-12-23,***-**-5994,NY
216,Bruce, Miles,01-21/21/-01-21,***-**-0969,IA
88,Amanda, Wilson,05-23/23/-05-23,***-**-0767,NE
130,Joshua, Riley,11-08/08/-11-08,***-**-4874,IN
408,Carla, Torres,02-23/23/-02-23,***-**-7599,CT
105,Mark, Green,06-14/14/-06-14,***-**-6893,AZ
580,Stephanie, Goodwin,02-25/25/-02-25,***-**-5702,NC
388,Cameron, Allen,01-02/02/-01-02,***-**-8341,ID
316,Harold, Li,05-11/11/-05-11,***-**-2966,GA
196,Sara, Curry,06-05/05/-06-05,***-**-1678,ID
366,Caroline, Wyatt,11-12/12/-11-12,***-**-7063,NY
331,Nicole, Perez,09-28/28/-09-28,***-**-1455,MT
63,Jacqueline, Garcia,01-31/31/-01-31,***-**-8953,NC
651,Alexander, Wright,04-18/18/-04-18,***-**-7263,MN
497,Heather, Farrell,01-11/11/-01-11,***-**-0338,MA
14,Joseph, Fernandez,06-01/01/-06-01,***-**-4971,IL
52,Timothy, Chandler,03-26/26/-03-26,***-**-3897,NM
456,Gregory, Jackson,06-06/06/-06-06,***-**-0058,WY
412,Thomas, Patterson,05-06/06/-05-06,***-**-4561,VA
283,Timothy, Suarez,01-12/12/-01-12,***-**-3073,WI
174,Jennifer, Jensen,03-09/09/-03-09,***-**-4293,GA
509,Andrew, Hogan,06-08/08/-06-08,***-**-5943,ND
254,Dale, Hartman,10-01/01/-10-01,***-**-9502,ME
531,Jennifer, Williams,02-27/27/-02-27,***-**-9054,OK
104,Antonio, Perez,02-09/09/-02-09,***-**-4115,NC
549,Joshua, Hicks,01-07/07/-01-07,***-**-4786,KS
183,Edward, Thompson,08-31/31/-08-31,***-**-8605,OH
612,Lee, Zamora,03-17/17/-03-17,***-**-3321,UT
492,Wyatt, Rivers,02-07/07/-02-07,***-**-5135,KY
27,Michelle, Reeves,11-23/23/-11-23,***-**-1066,PA
287,Joanna, Hopkins,04-17/17/-04-17,***-**-2714,MA
584,Joseph, Mitchell,05-18/18/-05-18,***-**-7441,VA
624,Ariel, Ray,09-11/11/-09-11,***-**-2732,OR
53,Shawn, Murray,10-30/30/-10-30,***-**-5217,MS
206,Jose, Spears,03-01/01/-03-01,***-**-2675,NH
211,Caroline, Mayer,05-03/03/-05-03,***-**-2487,WY
646,David, Weaver,08-11/11/-08-11,***-**-2750,ME
336,Kelly, Sullivan,04-12/12/-04-12,***-**-7284,NV
555,Kyle, Ramirez,05-30/30/-05-30,***-**-2839,WA
560,Carrie, Davis,06-20/20/-06-20,***-**-6558,WA
203,Catherine, Martinez,04-28/28/-04-28,***-**-6917,NM
217,Amanda, Lewis,12-05/05/-12-05,***-**-0504,MT
371,Katherine, Bailey,03-04/04/-03-04,***-**-3545,WV
605,Rodney, Smith,05-08/08/-05-08,***-**-3105,NH
337,Savannah, Saunders,05-12/12/-05-12,***-**-2473,IA
381,Claudia, Oneal,04-01/01/-04-01,***-**-9008,TX
508,Roy, Johnson,03-30/30/-03-30,***-**-6344,AK
58,Michelle, Smith,07-08/08/-07-08,***-**-6834,NV
401,Amanda, Haney,04-11/11/-04-11,***-**-9019,IA
163,Theresa, Fletcher,10-22/22/-10-22,***-**-0535,VA
548,Debra, Green,07-20/20/-07-20,***-**-5376,SC
161,John, Cox,12-11/11/-12-11,***-**-7739,OH
464,Beth, Harris,12-22/22/-12-22,***-**-5871,RI
476,Erica, Mcconnell,07-01/01/-07-01,***-**-0878,MA
208,Kimberly, Johnson,01-22/22/-01-22,***-**-4304,PA
378,Kyle, Aguirre,10-24/24/-10-24,***-**-4469,NE
654,Nicole, English,04-30/30/-04-30,***-**-9164,HI
585,Bonnie, Turner,04-01/01/-04-01,***-**-0208,MD
621,Maurice, Gillespie,09-07/07/-09-07,***-**-8509,GA
300,Corey, Adams,10-08/08/-10-08,***-**-2578,OR
640,Brett, Nelson,06-20/20/-06-20,***-**-3049,MD
297,Melody, Nelson,01-23/23/-01-23,***-**-1931,VA
209,James, Young,04-12/12/-04-12,***-**-8557,ME
320,Robert, Smith,04-14/14/-04-14,***-**-0748,MS
242,Caroline, Larson,05-05/05/-05-05,***-**-7178,LA
258,Megan, Robinson,03-24/24/-03-24,***-**-1601,WV
570,Shawn, Edwards,01-19/19/-01-19,***-**-4865,LA
417,David, Evans,09-15/15/-09-15,***-**-6773,WA
281,Julie, Price,01-20/20/-01-20,***-**-3599,PA
436,Briana, Webster,02-08/08/-02-08,***-**-3704,PA
441,Robin, Oconnor,02-27/27/-02-27,***-**-0782,NH
425,Albert, Davidson,01-20/20/-01-20,***-**-9182,CA
553,Mark, Chen,04-02/02/-04-02,***-**-3553,WY
266,Elizabeth, Lynn,02-25/25/-02-25,***-**-8647,MA
40,Tracy, Gonzalez,11-01/01/-11-01,***-**-4059,WY
609,Patricia, Fletcher,06-30/30/-06-30,***-**-2311,RI
471,Tammy, Salinas,12-29/29/-12-29,***-**-3850,NC
307,Roger, Wright,03-04/04/-03-04,***-**-3080,MO
353,Kelly, Castillo,04-13/13/-04-13,***-**-7622,WA
393,Charles, Kelley,04-14/14/-04-14,***-**-1133,OK
607,David, Johnson,06-23/23/-06-23,***-**-9729,DE
483,David, Cervantes,01-08/08/-01-08,***-**-0082,WA
370,Valerie, Lopez,04-10/10/-04-10,***-**-0441,AL
273,Sarah, Hayes,11-20/20/-11-20,***-**-8195,CT
141,Christina, Arnold,10-20/20/-10-20,***-**-2313,NY
338,Cynthia, Bennett,11-26/26/-11-26,***-**-7899,MD
15,Michelle, Huang,04-09/09/-04-09,***-**-8363,UT
120,Amanda, Dodson,03-04/04/-03-04,***-**-6056,KS
75,Jeff, Hawkins,08-10/10/-08-10,***-**-5606,IL
115,Patrick, Taylor,07-29/29/-07-29,***-**-5595,MO
629,Elizabeth, Howard,11-05/05/-11-05,***-**-2641,AZ
299,Noah, White,04-30/30/-04-30,***-**-0897,SC
498,Caroline, Jackson,12-29/29/-12-29,***-**-4102,DE
445,Andrea, Wright,06-15/15/-06-15,***-**-8386,OH
582,Sara, Smith,01-02/02/-01-02,***-**-9188,TN
245,Jennifer, Rodriguez,04-23/23/-04-23,***-**-2538,NM
129,Deanna, Terrell,02-05/05/-02-05,***-**-5743,OK
544,Kristina, Summers,02-17/17/-02-17,***-**-3058,OR
377,Laura, Mercado,04-05/05/-04-05,***-**-9514,MI
155,Matthew, Kane,11-17/17/-11-17,***-**-9385,PA
440,Tamara, White,05-20/20/-05-20,***-**-6614,FL
550,Samantha, Thompson,06-04/04/-06-04,***-**-9230,NY
47,John, Mcmillan,03-02/02/-03-02,***-**-7301,NV
89,Andrea, Webb,12-11/11/-12-11,***-**-7815,VA
145,Lori, Odonnell,10-22/22/-10-22,***-**-2415,KS
554,Ronald, Huerta,12-13/13/-12-13,***-**-6058,OK
523,Chelsea, Foster,03-26/26/-03-26,***-**-4094,AK
499,Daniel, Lopez,09-07/07/-09-07,***-**-2639,AR
37,Jonathan, Jones,01-13/13/-01-13,***-**-7798,MN
384,Jessica, Gaines,04-23/23/-04-23,***-**-9332,CO
514,Timothy, Morris,06-16/16/-06-16,***-**-2962,WY
260,Donna, Campbell,07-14/14/-07-14,***-**-2369,NV
239,Tonya, Martinez,09-04/04/-09-04,***-**-7702,IA
420,Pamela, Moore,02-20/20/-02-20,***-**-9532,NJ
380,Michelle, Ali,05-05/05/-05-05,***-**-3823,KS
387,Alexander, Gibson,10-27/27/-10-27,***-**-1036,CO
207,Jay, Smith,03-06/06/-03-06,***-**-6315,CT
318,Teresa, Watkins,07-27/27/-07-27,***-**-5707,NY
16,Bradley, Guzman,05-08/08/-05-08,***-**-2817,WY
61,Rhonda, Young,06-03/03/-06-03,***-**-2336,NE
280,Brandon, Davis,07-22/22/-07-22,***-**-1621,AZ
13,Brandon, Farmer,08-10/10/-08-10,***-**-2601,TX
563,Barbara, Murphy,10-30/30/-10-30,***-**-9225,AR
569,James, King,04-21/21/-04-21,***-**-1432,AK
575,Drew, Kelly,03-25/25/-03-25,***-**-3264,WA
319,Virginia, Wise,02-18/18/-02-18,***-**-8887,OR
122,Mary, Hernandez,01-29/29/-01-29,***-**-5268,NY
520,Ryan, Russell,01-06/06/-01-06,***-**-3828,HI
489,Amanda, Smith,08-05/05/-08-05,***-**-3579,DE
136,Morgan, Dunn,07-13/13/-07-13,***-**-1601,AZ
142,Kimberly, Shaw,06-11/11/-06-11,***-**-7577,MA
250,Kathleen, Klein,01-15/15/-01-15,***-**-3388,NM
383,Diana, Meyers,09-13/13/-09-13,***-**-4296,TN
650,Logan, Smith,03-26/26/-03-26,***-**-0194,MN
231,Tracy, Martin,05-03/03/-05-03,***-**-0726,AK
431,Edwin, Martin,02-13/13/-02-13,***-**-9168,MO
306,Kelly, Moran,07-14/14/-07-14,***-**-0670,NV
151,Robert, Smith,01-12/12/-01-12,***-**-2300,ID
519,Jane, Martinez,01-30/30/-01-30,***-**-3977,AZ
172,Denise, Castillo,10-10/10/-10-10,***-**-0042,LA
121,Jonathon, Brock,04-30/30/-04-30,***-**-9917,CO
140,Amanda, Franco,09-24/24/-09-24,***-**-5413,AK
48,Heather, Robinson,11-20/20/-11-20,***-**-1929,MN
282,Kathryn, Stout,08-24/24/-08-24,***-**-9637,IA
42,Cory, Hopkins,03-13/13/-03-13,***-**-9491,AK
247,Ryan, Snyder,07-14/14/-07-14,***-**-9330,MA
59,Sara, Walker,08-16/16/-08-16,***-**-5423,NE
137,Daniel, Garcia,04-21/21/-04-21,***-**-3001,WI
257,Paul, Evans,06-25/25/-06-25,***-**-4302,MN
343,Elizabeth, Olson,01-22/22/-01-22,***-**-7163,MA
195,Ann, Romero,10-27/27/-10-27,***-**-4046,DE
268,Thomas, Jensen,02-23/23/-02-23,***-**-3430,OH
558,Brian, Davila,07-05/05/-07-05,***-**-3711,DE
70,Donna, Howard,03-31/31/-03-31,***-**-7432,MS
28,Kimberly, Massey,01-01/01/-01-01,***-**-4649,MO
132,Jeremy, Cross,11-22/22/-11-22,***-**-4632,HI
335,Dennis, Thomas,06-11/11/-06-11,***-**-5032,IN
349,Kenneth, Martin,08-24/24/-08-24,***-**-4681,MI
510,Tyler, Brewer,06-28/28/-06-28,***-**-9006,HI
36,Scott, Brooks,02-24/24/-02-24,***-**-4958,NY
430,Derrick, Fritz,12-05/05/-12-05,***-**-0071,IA
376,Christine, Munoz,11-17/17/-11-17,***-**-0149,MO
226,Julie, Robbins,11-23/23/-11-23,***-**-4571,IN
240,Rachel, Cook,03-03/03/-03-03,***-**-9042,NM
291,Kyle, Hoffman,12-25/25/-12-25,***-**-7692,MT
619,Nancy, Nguyen,07-05/05/-07-05,***-**-3939,VA
424,John, Wells,05-25/25/-05-25,***-**-3026,NH
212,Robert, Ellison,07-16/16/-07-16,***-**-9579,NE
263,Keith, Robinson,04-15/15/-04-15,***-**-3579,NC
443,Dennis, Osborn,11-15/15/-11-15,***-**-3531,MA
26,Ronald, Hays,12-21/21/-12-21,***-**-6430,TX
491,Leslie, Brown,06-15/15/-06-15,***-**-1806,NJ
114,Maria, Chapman,12-20/20/-12-20,***-**-7300,OK
434,Melissa, Torres,03-22/22/-03-22,***-**-6921,NM
615,Joshua, Weaver,11-20/20/-11-20,***-**-7030,IA
525,Crystal, Martin,08-29/29/-08-29,***-**-0679,ME
44,Sheri, Ball,08-04/04/-08-04,***-**-7548,AZ
475,Steven, Ritter,02-11/11/-02-11,***-**-8004,OH
529,Linda, Krause,12-22/22/-12-22,***-**-4382,SD
83,John, Myers,07-25/25/-07-25,***-**-1869,NJ
275,Mark, White,09-09/09/-09-09,***-**-7830,ID
190,Diana, Smith,12-02/02/-12-02,***-**-3506,IL
423,Karen, Lyons,06-09/09/-06-09,***-**-9081,OK
581,Laura, Glenn,10-20/20/-10-20,***-**-1468,TX
177,Diana, Spence,09-20/20/-09-20,***-**-4751,MA
573,Samantha, Farley,07-10/10/-07-10,***-**-2351,WA
46,Kayla, Mitchell,10-13/13/-10-13,***-**-9155,WI
17,Crystal, Myers,12-31/31/-12-31,***-**-6532,OH
101,Brooke, Jones,04-09/09/-04-09,***-**-2606,TN
261,John, Mueller,03-22/22/-03-22,***-**-7849,MD
435,Karla, Rosales,07-10/10/-07-10,***-**-1729,IL
448,Jennifer, Brown,08-23/23/-08-23,***-**-0700,MA
597,Blake, Jimenez,09-10/10/-09-10,***-**-3810,KS
628,Michael, Garcia,11-05/05/-11-05,***-**-4294,IL
610,Jermaine, Quinn,12-24/24/-12-24,***-**-1754,CA
113,Patricia, Cruz,04-22/22/-04-22,***-**-3822,IN
235,Cameron, Mcintosh,02-01/01/-02-01,***-**-8921,NV
21,Michelle, Brewer,06-10/10/-06-10,***-**-6836,OK
362,Hannah, Nolan,09-15/15/-09-15,***-**-1332,OK
368,Erica, Johnson,05-27/27/-05-27,***-**-9413,LA
323,Jeremy, Obrien,01-13/13/-01-13,***-**-7592,OR
